#{"t_start": 1680720692.014053, "env_id": "JPEGEncode-v0"}
r,l,t
0.002911,12,0.10146
0.000726,12,0.129593
0.000664,12,0.158292
0.000604,12,0.185454
0.000594,12,0.212602
0.000619,12,0.239619
0.000469,12,0.266538
0.000605,12,0.293177
0.000535,12,0.319512
0.000544,12,0.345952
0.000659,12,0.375589
0.000659,12,0.402631
0.000621,12,0.429229
0.000632,12,0.456061
0.000645,12,0.483321
0.000631,12,0.510275
0.000646,12,0.537332
0.000652,12,0.565538
0.000719,12,0.594556
0.000731,12,0.624236
0.00072,12,0.654851
0.000702,12,0.685084
0.000602,12,0.713139
0.000654,12,0.742431
0.000669,12,0.771164
0.000572,12,0.798027
0.000549,12,0.825185
0.000646,12,0.852371
0.000628,12,0.879009
0.000742,12,0.908096
0.000695,12,0.936257
0.000616,12,0.964035
0.000695,12,0.992017
0.000734,12,1.021859
0.000657,12,1.051817
0.000575,12,1.080041
0.000511,12,1.106802
0.000586,12,1.133583
0.000516,12,1.16118
0.000688,12,1.189691
0.000634,12,1.216865
0.000586,12,1.244122
0.00067,12,1.271854
0.000631,12,1.299063
0.000618,12,1.326568
0.00076,12,1.356096
0.000751,12,1.386235
0.000691,12,1.414983
0.000656,12,1.442745
0.000539,12,1.469812
0.000698,12,1.498595
0.000595,12,1.526733
0.000618,12,1.554302
0.000669,12,1.581645
0.00067,12,1.609572
0.000681,12,1.637742
0.0006,12,1.664314
0.000571,12,1.691333
0.00071,12,1.719916
0.000621,12,1.746817
0.000631,12,1.773226
0.000695,12,1.801636
0.000673,12,1.829994
0.000711,12,1.859597
0.00071,12,1.890259
0.000734,12,1.92124
0.000571,12,1.948751
0.000709,12,1.976894
0.000698,12,2.006596
0.000848,12,2.037265
0.000684,12,2.065374
0.000645,12,2.092621
0.000586,12,2.119212
0.000524,12,2.145914
0.000578,12,2.173916
0.000524,12,2.202673
0.000665,12,2.230236
0.00062,12,2.256967
0.000506,12,2.283505
0.00054,12,2.31024
0.000615,12,2.337041
0.000603,12,2.364759
0.000638,12,2.392184
0.000578,12,2.420678
0.000604,12,2.448965
0.000816,12,8.362128
0.000645,12,8.389514
0.000627,12,8.41665
0.000538,12,8.442951
0.000494,12,8.469208
0.000553,12,8.495852
0.000645,12,8.52272
0.000538,12,8.54896
0.000599,12,8.575513
0.000533,12,8.602143
0.000474,12,8.628443
0.000626,12,8.654743
0.000645,12,8.682934
0.000623,12,8.709717
0.000571,12,8.736325
0.000625,12,8.762655
0.000546,12,8.78909
0.000621,12,8.815581
0.000628,12,8.842031
0.000613,12,8.868257
0.00065,12,8.896444
0.000721,12,8.925367
0.000684,12,8.952811
0.000636,12,8.979478
0.00062,12,9.006368
0.000772,12,9.034708
0.00076,12,9.064195
0.000659,12,9.091714
0.000678,12,9.119518
0.000631,12,9.146325
0.000574,12,9.172988
0.000623,12,9.19946
0.000591,12,9.225999
0.000634,12,9.252677
0.000583,12,9.279417
0.000503,12,9.306231
0.000633,12,9.332965
0.000648,12,9.359969
0.000627,12,9.3863
0.000628,12,9.412709
0.000623,12,9.439293
0.000579,12,9.46562
0.000637,12,9.492628
0.000623,12,9.519238
0.000628,12,9.546011
0.00067,12,9.573421
0.000679,12,9.601787
0.000637,12,9.629765
0.000675,12,9.656662
0.000657,12,9.684387
0.000657,12,9.712091
0.000595,12,9.738876
0.00063,12,9.765718
0.000586,12,9.792061
0.000602,12,9.820733
0.000899,12,9.852741
0.000863,12,9.883202
0.000734,12,9.912465
0.000679,12,9.941455
0.000539,12,9.969681
0.000539,12,9.997617
0.000542,12,10.026941
0.000709,12,10.055703
0.000587,12,10.084441
0.000612,12,10.113587
0.000672,12,10.141992
0.000678,12,10.17114
0.000684,12,10.200893
0.000674,12,10.230658
0.000879,12,10.260879
0.000766,12,10.290031
0.000664,12,10.318482
0.000799,12,10.347921
0.000604,12,10.37745
0.000757,12,10.406796
0.000606,12,10.436299
0.000822,12,10.465292
0.000683,12,10.493939
0.000701,12,10.522358
0.000833,12,10.552579
0.00075,12,10.58193
0.000622,12,10.612293
0.000669,12,10.641535
0.000769,12,10.670122
0.000659,12,10.698965
0.000677,12,16.620851
0.000754,12,16.649843
0.000737,12,16.679318
0.000678,12,16.706907
0.000651,12,16.73452
0.000597,12,16.76287
0.000631,12,16.790711
0.000539,12,16.818381
0.000679,12,16.846239
0.000673,12,16.873855
0.00058,12,16.90242
0.000712,12,16.930516
0.000604,12,16.958424
0.000715,12,16.986366
0.000687,12,17.014922
0.000667,12,17.04345
0.000597,12,17.070924
0.000556,12,17.09813
0.000592,12,17.124798
0.000623,12,17.151168
0.000694,12,17.178795
0.000706,12,17.207129
0.000662,12,17.235248
0.000679,12,17.263902
0.000639,12,17.291314
0.000686,12,17.320001
0.000591,12,17.347696
0.000783,12,17.376379
0.000667,12,17.403724
0.000632,12,17.430329
0.000568,12,17.456725
0.000491,12,17.48278
0.000501,12,17.509117
0.000697,12,17.536719
0.000606,12,17.564572
0.00058,12,17.591757
0.000687,12,17.620007
0.000668,12,17.647144
0.000835,12,17.754355
0.000663,12,17.782507
0.000824,12,17.814431
0.000626,12,17.843988
0.00069,12,17.873396
0.000657,12,17.902286
0.000466,12,17.928693
0.00065,12,17.955718
0.000522,12,17.983455
0.000812,12,18.013323
0.000588,12,18.042318
0.000677,12,18.070015
0.000599,12,18.097605
0.000683,12,18.125688
0.000696,12,18.155193
0.000688,12,18.183921
0.000555,12,18.212037
0.00057,12,18.239785
0.000665,12,18.268119
0.000697,12,18.296253
0.000609,12,18.324024
0.000651,12,18.351111
0.000588,12,18.378533
0.000667,12,18.406665
0.000646,12,18.43379
0.000743,12,18.462172
0.000662,12,18.490322
0.000634,12,18.517553
0.000683,12,18.546244
0.000535,12,18.573566
0.00066,12,18.601234
0.000674,12,18.629591
0.000645,12,18.656853
0.000585,12,18.683183
0.000683,12,18.711852
0.000684,12,18.740157
0.000577,12,18.766712
0.000626,12,18.793086
0.000624,12,18.819475
0.00056,12,18.847266
0.000524,12,18.874123
0.000664,12,18.901481
0.000662,12,18.931597
0.00066,12,18.960178
0.000725,12,18.989553
0.000677,12,19.018172
0.000595,12,19.047536
0.000634,12,19.075083
0.000881,12,24.926783
0.000813,12,24.956415
0.000708,12,24.985614
0.000733,12,25.016218
0.000749,12,25.045312
0.000886,12,25.075727
0.000541,12,25.104463
0.000746,12,25.133064
0.000836,12,25.163837
0.000751,12,25.193157
0.000716,12,25.222446
0.00072,12,25.252267
0.000839,12,25.283209
0.000845,12,25.31385
0.000692,12,25.342664
0.000567,12,25.371144
0.000558,12,25.399243
0.000754,12,25.428173
0.000741,12,25.457339
0.000615,12,25.486412
0.000704,12,25.515312
0.000725,12,25.544627
0.000753,12,25.573137
0.000676,12,25.601817
0.000655,12,25.631027
0.000677,12,25.660614
0.000695,12,25.691244
0.000748,12,25.721226
0.000668,12,25.74918
0.000694,12,25.777282
0.000678,12,25.805191
0.000548,12,25.833253
0.000552,12,25.861195
0.000675,12,25.889175
0.000763,12,25.916918
0.00062,12,25.944056
0.000654,12,25.970798
0.000652,12,25.997536
0.00065,12,26.024899
0.00063,12,26.051527
0.000638,12,26.078188
0.000498,12,26.104536
0.000764,12,26.133302
0.000754,12,26.163262
0.000662,12,26.192104
0.000704,12,26.22127
0.000576,12,26.249397
0.000659,12,26.278487
0.000657,12,26.306455
0.000659,12,26.333708
0.000648,12,26.36096
0.000695,12,26.388664
0.000647,12,26.41572
0.000584,12,26.442102
0.000568,12,26.468424
0.000585,12,26.49504
0.00052,12,26.521446
0.000479,12,26.547364
0.000624,12,26.573534
0.000522,12,26.600689
0.000667,12,26.628376
0.000655,12,26.655486
0.000648,12,26.682308
0.00055,12,26.708848
0.000537,12,26.73573
0.000613,12,26.762642
0.000577,12,26.790124
0.000645,12,26.817533
0.00058,12,26.845114
0.000606,12,26.871808
0.000683,12,26.901833
0.000843,12,26.933373
0.000691,12,26.963181
0.000751,12,26.99242
0.000673,12,27.020797
0.00074,12,27.050128
0.000831,12,27.080021
0.000729,12,27.109358
0.000567,12,27.137543
0.000719,12,27.167185
0.000777,12,27.196936
0.000865,12,27.22605
0.000725,12,27.254415
0.000697,12,27.283236
0.000812,12,27.311645
0.000709,12,33.077587
0.000661,12,33.105975
0.000672,12,33.133119
0.0006,12,33.159529
0.000581,12,33.186512
0.000614,12,33.21369
0.000568,12,33.241214
0.000645,12,33.267865
0.000513,12,33.294422
0.000647,12,33.32192
0.000579,12,33.349097
0.000619,12,33.375079
0.000568,12,33.401136
0.000619,12,33.427633
0.000603,12,33.454257
0.000621,12,33.480697
0.00055,12,33.506652
0.000624,12,33.532784
0.000474,12,33.558662
0.000668,12,33.585376
0.000598,12,33.614142
0.000669,12,33.641932
0.000533,12,33.668996
0.000563,12,33.696303
0.000572,12,33.72301
0.000654,12,33.750194
0.000547,12,33.776636
0.000649,12,33.803275
0.00059,12,33.829547
0.000602,12,33.856
0.000618,12,33.882296
0.000619,12,33.908767
0.000644,12,33.935357
0.000624,12,33.961968
0.000621,12,33.988637
0.000688,12,34.016362
0.000559,12,34.043383
0.000721,12,34.072691
0.000684,12,34.1007
0.000793,12,34.130257
0.000593,12,34.159363
0.000523,12,34.18682
0.000651,12,34.213759
0.000637,12,34.240241
0.000629,12,34.26662
0.000632,12,34.293359
0.000616,12,34.319787
0.000648,12,34.3466
0.00054,12,34.373083
0.000612,12,34.399599
0.000609,12,34.425842
0.000651,12,34.452628
0.000799,12,34.482718
0.000688,12,34.511874
0.000588,12,34.53908
0.00068,12,34.566444
0.000613,12,34.592742
0.000557,12,34.620569
0.000548,12,34.646658
0.000601,12,34.67293
0.000563,12,34.699345
0.000585,12,34.727665
0.000581,12,34.754955
0.000638,12,34.783036
0.000672,12,34.810936
0.000525,12,34.838304
0.000762,12,34.867474
0.000754,12,34.896406
0.000783,12,34.926352
0.000736,12,34.955629
0.00071,12,34.984917
0.000641,12,35.015017
0.000787,12,35.045659
0.000688,12,35.074968
0.000805,12,35.104746
0.000765,12,35.183874
0.000773,12,35.212806
0.00063,12,35.240994
0.000652,12,35.269955
0.000606,12,35.297883
0.000766,12,35.327395
0.000776,12,35.358252
0.000539,12,35.386494
0.000715,12,35.414851
0.000684,12,35.443426
0.00074,12,41.084899
0.000701,12,41.113156
0.000605,12,41.139921
0.000625,12,41.166426
0.000528,12,41.194019
0.000521,12,41.22088
0.000687,12,41.248887
0.000633,12,41.275299
0.000547,12,41.301574
0.000626,12,41.327719
0.000654,12,41.355436
0.000668,12,41.382325
0.000616,12,41.408877
0.000469,12,41.434955
0.000634,12,41.461601
0.000629,12,41.488068
0.000523,12,41.514122
0.000554,12,41.540699
0.000632,12,41.567808
0.000652,12,41.594859
0.000558,12,41.621672
0.000723,12,41.650682
0.000796,12,41.679243
0.000707,12,41.708953
0.000664,12,41.737902
0.000685,12,41.766593
0.000644,12,41.795849
0.000499,12,41.823297
0.000702,12,41.852402
0.000757,12,41.881646
0.000666,12,41.910564
0.000693,12,41.939111
0.000618,12,41.967598
0.000608,12,41.99544
0.000783,12,42.024653
0.000707,12,42.053174
0.000713,12,42.081284
0.00077,12,42.111355
0.000637,12,42.138422
0.000587,12,42.165885
0.000703,12,42.19394
0.000634,12,42.220976
0.000669,12,42.248443
0.000649,12,42.275897
0.00067,12,42.3033
0.000667,12,42.330457
0.000632,12,42.357862
0.000499,12,42.385232
0.000583,12,42.412605
0.000712,12,42.440902
0.000661,12,42.469986
0.000732,12,42.499171
0.000586,12,42.526836
0.00063,12,42.552867
0.000522,12,42.578973
0.000665,12,42.60554
0.000643,12,42.632698
0.000632,12,42.659262
0.000646,12,42.686026
0.000732,12,42.713676
0.000637,12,42.740287
0.000704,12,42.768265
0.000664,12,42.797034
0.000739,12,42.825321
0.000642,12,42.852301
0.000634,12,42.878709
0.000658,12,42.905925
0.00065,12,42.933065
0.000554,12,42.959563
0.000569,12,42.985945
0.000623,12,43.012567
0.000603,12,43.040057
0.000648,12,43.067442
0.00063,12,43.09401
0.00066,12,43.121242
0.000602,12,43.147912
0.000587,12,43.174299
0.000526,12,43.200635
0.00052,12,43.226884
0.000626,12,43.253177
0.000632,12,43.279518
0.000577,12,43.305953
0.000628,12,43.332172
0.000617,12,43.35871
0.000634,12,43.385555
0.000765,12,43.414054
0.000693,12,49.028969
0.000643,12,49.057575
0.000631,12,49.083843
0.000533,12,49.110738
0.0006,12,49.13722
0.000468,12,49.163233
0.000636,12,49.189541
0.000625,12,49.215957
0.000659,12,49.242817
0.00072,12,49.270465
0.00063,12,49.29698
0.000667,12,49.324304
0.000686,12,49.352147
0.000666,12,49.379951
0.000661,12,49.407208
0.000622,12,49.433851
0.000639,12,49.460655
0.000642,12,49.487672
0.00066,12,49.515227
0.000573,12,49.541447
0.000625,12,49.567449
0.000609,12,49.593748
0.000643,12,49.620528
0.000626,12,49.646777
0.000627,12,49.673058
0.000626,12,49.699211
0.000543,12,49.725337
0.000466,12,49.750953
0.000484,12,49.77743
0.000647,12,49.804148
0.000493,12,49.830238
0.000536,12,49.856567
0.000623,12,49.882499
0.000533,12,49.908301
0.000519,12,49.934313
0.000612,12,49.960232
0.000626,12,49.986594
0.000478,12,50.012586
0.000528,12,50.039837
0.000631,12,50.066511
0.000673,12,50.093796
0.000653,12,50.120554
0.000629,12,50.147114
0.000632,12,50.173411
0.000627,12,50.199663
0.000534,12,50.225426
0.000625,12,50.25188
0.000616,12,50.278049
0.000537,12,50.304129
0.000569,12,50.330136
0.000625,12,50.356198
0.000618,12,50.382166
0.000622,12,50.408442
0.000645,12,50.434749
0.000516,12,50.4608
0.000728,12,50.489563
0.000639,12,50.516217
0.00063,12,50.542925
0.000553,12,50.56933
0.000663,12,50.597096
0.000709,12,50.626886
0.000629,12,50.654351
0.00053,12,50.68044
0.000489,12,50.70657
0.000614,12,50.733893
0.000661,12,50.762338
0.000619,12,50.790047
0.000519,12,50.816296
0.000573,12,50.843156
0.000534,12,50.869372
0.000682,12,50.897005
0.000597,12,50.924395
0.000621,12,50.951058
0.000578,12,50.977243
0.000637,12,51.003836
0.000589,12,51.030885
0.0007,12,51.058918
0.000527,12,51.085284
0.000702,12,51.113539
0.000489,12,51.139709
0.000624,12,51.16608
0.000635,12,51.19256
0.000634,12,51.218851
0.000545,12,51.244944
0.000626,12,51.271163
0.000547,12,56.681563
0.000619,12,56.708256
0.000594,12,56.734652
0.000566,12,56.760866
0.000638,12,56.787571
0.000493,12,56.81382
0.000471,12,56.839537
0.000593,12,56.865742
0.000612,12,56.892157
0.000626,12,56.91836
0.000505,12,56.944101
0.000541,12,56.970126
0.000625,12,56.996007
0.00054,12,57.022073
0.000607,12,57.048447
0.000589,12,57.074921
0.000647,12,57.101519
0.000655,12,57.127958
0.000556,12,57.154226
0.000631,12,57.180438
0.000562,12,57.206774
0.000621,12,57.232919
0.000524,12,57.25915
0.000477,12,57.285059
0.000628,12,57.311187
0.000581,12,57.337422
0.000597,12,57.363874
0.000473,12,57.390178
0.000597,12,57.454714
0.000494,12,57.481279
0.000674,12,57.508133
0.000528,12,57.534297
0.000502,12,57.560199
0.000627,12,57.586275
0.00063,12,57.612904
0.000541,12,57.639022
0.000629,12,57.665433
0.000765,12,57.692256
0.000713,12,57.72042
0.000653,12,57.747659
0.000627,12,57.773933
0.000642,12,57.800481
0.000543,12,57.828481
0.000539,12,57.855198
0.000676,12,57.88436
0.000529,12,57.911665
0.000666,12,57.939288
0.000553,12,57.966118
0.000682,12,57.993804
0.000542,12,58.021364
0.000669,12,58.048747
0.000646,12,58.076026
0.000671,12,58.103741
0.000646,12,58.130832
0.000591,12,58.158171
0.000657,12,58.185276
0.000655,12,58.212297
0.000564,12,58.239648
0.000655,12,58.267203
0.000602,12,58.295606
0.000632,12,58.322336
0.000651,12,58.349366
0.000645,12,58.375538
0.000672,12,58.401894
0.000581,12,58.428313
0.000733,12,58.456911
0.000508,12,58.483319
0.000489,12,58.509393
0.000527,12,58.53527
0.000628,12,58.561462
0.000625,12,58.587582
0.000642,12,58.61422
0.000539,12,58.640595
0.000627,12,58.66722
0.000508,12,58.693739
0.000513,12,58.719925
0.000581,12,58.747217
0.000624,12,58.773785
0.000625,12,58.800287
0.000603,12,58.82681
0.000621,12,58.852741
0.000624,12,58.879241
0.000672,12,58.907171
0.000618,12,58.935423
0.000641,12,58.96222
0.000678,12,64.370379
0.00057,12,64.396388
0.000538,12,64.422639
0.000557,12,64.448922
0.000621,12,64.474947
0.000566,12,64.50123
0.000666,12,64.528235
0.000626,12,64.554719
0.000609,12,64.581122
0.000572,12,64.60799
0.000527,12,64.634428
0.000647,12,64.660864
0.000627,12,64.687109
0.00053,12,64.712989
0.000636,12,64.739733
0.000521,12,64.76615
0.000649,12,64.79319
0.000639,12,64.819855
0.000637,12,64.84638
0.000574,12,64.872942
0.000622,12,64.899156
0.000595,12,64.925867
0.000641,12,64.952666
0.000638,12,64.979527
0.000578,12,65.006139
0.000651,12,65.032974
0.00064,12,65.05961
0.000625,12,65.086047
0.000666,12,65.11316
0.000502,12,65.139075
0.000631,12,65.164994
0.000616,12,65.191057
0.000626,12,65.217313
0.000511,12,65.243427
0.000629,12,65.269645
0.000614,12,65.295723
0.000626,12,65.32196
0.000624,12,65.348478
0.000627,12,65.374797
0.000646,12,65.400798
0.000627,12,65.427002
0.000628,12,65.453535
0.000542,12,65.479591
0.000627,12,65.505496
0.00053,12,65.531451
0.00052,12,65.557633
0.000512,12,65.583435
0.000497,12,65.609935
0.000595,12,65.636124
0.000607,12,65.662263
0.000625,12,65.68851
0.000622,12,65.714697
0.000593,12,65.741263
0.000514,12,65.76791
0.000607,12,65.794447
0.000569,12,65.820845
0.000602,12,65.847165
0.000617,12,65.873455
0.000569,12,65.899295
0.000634,12,65.925677
0.000472,12,65.951591
0.000559,12,65.977701
0.000622,12,66.003891
0.000624,12,66.030729
0.000546,12,66.056686
0.000626,12,66.083289
0.000632,12,66.110245
0.0005,12,66.1365
0.000621,12,66.162831
0.000639,12,66.189001
0.000627,12,66.215564
0.000611,12,66.241862
0.000628,12,66.267899
0.000628,12,66.294176
0.000627,12,66.320638
0.000635,12,66.347137
0.000629,12,66.373766
0.000626,12,66.399939
0.000521,12,66.425948
0.000605,12,66.452292
0.000624,12,66.478591
0.000574,12,66.50455
0.000487,12,66.530394
0.000506,12,66.556493
0.000624,12,66.582696
0.000491,12,66.608911
0.000817,12,72.317758
0.000913,12,72.351948
0.000816,12,72.383889
0.000544,12,72.412205
0.000889,12,72.445441
0.000753,12,72.476684
0.001065,12,72.507659
0.000705,12,72.539295
0.000772,12,72.57104
0.00083,12,72.602516
0.000935,12,72.637654
0.000684,12,72.66557
0.000767,12,72.695732
0.000734,12,72.724685
0.00063,12,72.752612
0.000546,12,72.780754
0.00076,12,72.810153
0.000689,12,72.839591
0.000683,12,72.867774
0.00067,12,72.895407
0.000549,12,72.921844
0.000637,12,72.948753
0.000488,12,72.975188
0.000618,12,73.001373
0.000632,12,73.028048
0.000635,12,73.054625
0.000636,12,73.081548
0.00063,12,73.107994
0.00064,12,73.134831
0.001737,12,73.181192
0.001104,12,73.221818
0.001333,12,73.276331
0.000643,12,73.308997
0.000778,12,73.341808
0.000881,12,73.372962
0.000681,12,73.405653
0.000817,12,73.436909
0.000752,12,73.466526
0.000744,12,73.495226
0.000672,12,73.524097
0.00068,12,73.553966
0.000622,12,73.58045
0.000625,12,73.606725
0.000669,12,73.634195
0.000556,12,73.660322
0.000497,12,73.686078
0.000627,12,73.712334
0.000515,12,73.738283
0.000631,12,73.764697
0.000633,12,73.791037
0.000624,12,73.816881
0.00063,12,73.843089
0.000753,12,73.872099
0.000681,12,73.900108
0.000592,12,73.926811
0.000661,12,73.953724
0.000694,12,73.981524
0.000623,12,74.008597
0.000749,12,74.038016
0.000696,12,74.067674
0.00057,12,74.096121
0.000648,12,74.123292
0.000637,12,74.14981
0.000595,12,74.176185
0.000654,12,74.203092
0.000818,12,74.273788
0.000782,12,74.303461
0.000681,12,74.331385
0.000757,12,74.359734
0.000584,12,74.388438
0.000526,12,74.415456
0.000655,12,74.442931
0.000643,12,74.470815
0.000575,12,74.49756
0.0006,12,74.525522
0.000759,12,74.558067
0.000758,12,74.588836
0.000726,12,74.617963
0.000523,12,74.645426
0.000519,12,74.673451
0.000644,12,74.700983
0.000578,12,74.728016
0.000669,12,74.757222
0.000643,12,74.784177
0.000498,12,74.81119
0.000558,12,80.712547
0.000705,12,80.742788
0.00068,12,80.770481
0.000602,12,80.797439
0.000625,12,80.823987
0.000595,12,80.850947
0.000628,12,80.877916
0.000637,12,80.904798
0.000618,12,80.931352
0.000465,12,80.957205
0.00063,12,80.983503
0.000579,12,81.010218
0.000643,12,81.036371
0.00063,12,81.062902
0.00066,12,81.090339
0.000614,12,81.116214
0.000577,12,81.142342
0.000621,12,81.168773
0.000755,12,81.197922
0.000666,12,81.227167
0.000777,12,81.258026
0.000885,12,81.290368
0.000804,12,81.321415
0.00076,12,81.351506
0.00096,12,81.383713
0.00061,12,81.412615
0.000755,12,81.442624
0.000774,12,81.472632
0.000751,12,81.504733
0.000843,12,81.53743
0.00082,12,81.56817
0.000767,12,81.598165
0.000569,12,81.626739
0.000919,12,81.660091
0.000728,12,81.689557
0.000811,12,81.720261
0.000732,12,81.749307
0.000506,12,81.775963
0.000585,12,81.802926
0.000523,12,81.829521
0.00076,12,81.858443
0.000588,12,81.885623
0.000621,12,81.912294
0.000643,12,81.938536
0.000637,12,81.965325
0.000641,12,81.99165
0.00067,12,82.019839
0.000679,12,82.047601
0.000593,12,82.07443
0.000588,12,82.100612
0.000619,12,82.126769
0.000587,12,82.153131
0.000586,12,82.179495
0.000619,12,82.205514
0.000709,12,82.234001
0.000695,12,82.261709
0.000593,12,82.288375
0.000629,12,82.315026
0.000641,12,82.341485
0.000653,12,82.36791
0.000596,12,82.39545
0.000631,12,82.421707
0.000646,12,82.448119
0.000624,12,82.474142
0.000531,12,82.500095
0.000661,12,82.527248
0.000527,12,82.553711
0.000633,12,82.580098
0.000634,12,82.606543
0.000639,12,82.632783
0.00053,12,82.658656
0.000621,12,82.684868
0.000623,12,82.711161
0.00062,12,82.737464
0.000524,12,82.763431
0.000481,12,82.789481
0.000648,12,82.817483
0.00061,12,82.843877
0.000624,12,82.870533
0.000587,12,82.896733
0.000654,12,82.923956
0.00051,12,82.951085
0.000737,12,82.979539
0.00071,12,83.008134
0.000668,12,83.035942
0.00061,12,88.553339
0.000783,12,88.583663
0.000664,12,88.612086
0.000674,12,88.639656
0.000668,12,88.667322
0.00059,12,88.695355
0.000681,12,88.723844
0.000716,12,88.75241
0.000672,12,88.780275
0.000787,12,88.810257
0.000727,12,88.839822
0.00054,12,88.866665
0.000567,12,88.893022
0.000613,12,88.920017
0.000614,12,88.946177
0.000617,12,88.972012
0.000479,12,88.998814
0.000718,12,89.027089
0.000609,12,89.053888
0.0007,12,89.082301
0.000637,12,89.108865
0.000539,12,89.134865
0.000586,12,89.161015
0.000681,12,89.188415
0.000627,12,89.214343
0.000614,12,89.240307
0.000498,12,89.266465
0.000617,12,89.292296
0.000627,12,89.318398
0.000493,12,89.34432
0.000632,12,89.370517
0.000623,12,89.396618
0.000481,12,89.422608
0.000628,12,89.448767
0.000623,12,89.474509
0.00062,12,89.500687
0.000625,12,89.527202
0.000618,12,89.553552
0.000624,12,89.579841
0.000533,12,89.606038
0.000596,12,89.632767
0.000568,12,89.660382
0.000541,12,89.686644
0.000515,12,89.712548
0.00063,12,89.738816
0.000498,12,89.764699
0.000624,12,89.791061
0.000512,12,89.817084
0.000634,12,89.843586
0.000521,12,89.869737
0.000638,12,89.896055
0.000625,12,89.922223
0.000607,12,89.947937
0.000626,12,89.974253
0.000629,12,90.00098
0.000601,12,90.027401
0.000604,12,90.053811
0.000636,12,90.080624
0.000582,12,90.106894
0.000479,12,90.132777
0.000587,12,90.158827
0.000623,12,90.184956
0.000656,12,90.21233
0.000679,12,90.239873
0.000626,12,90.265943
0.000634,12,90.292576
0.00084,12,90.323803
0.000658,12,90.352682
0.000802,12,90.382016
0.000654,12,90.409162
0.000668,12,90.436783
0.000602,12,90.464401
0.000653,12,90.492035
0.000633,12,90.518312
0.000633,12,90.545143
0.000537,12,90.571265
0.000622,12,90.598532
0.000561,12,90.626126
0.000649,12,90.653438
0.000685,12,90.680503
0.000636,12,90.707414
0.000625,12,90.733742
0.000629,12,90.759917
0.000496,12,90.785725
0.000624,12,90.811832
0.000582,12,90.837904
0.000753,12,96.58359
0.0005,12,96.610084
0.000623,12,96.63665
0.000551,12,96.663031
0.000577,12,96.689184
0.000523,12,96.714969
0.000616,12,96.741147
0.000568,12,96.767135
0.00059,12,96.793042
0.00052,12,96.819204
0.00067,12,96.846636
0.000826,12,96.8858
0.000978,12,96.930433
0.001232,12,96.977392
0.001139,12,97.015738
0.001029,12,97.056458
0.000812,12,97.087142
0.000791,12,97.179088
0.000741,12,97.208269
0.000688,12,97.237143
0.000891,12,97.26936
0.00093,12,97.30247
0.000682,12,97.332262
0.0007,12,97.360058
0.000678,12,97.388123
0.00054,12,97.415576
0.000523,12,97.443085
0.000711,12,97.471494
0.000639,12,97.497931
0.000555,12,97.524523
0.000712,12,97.553136
0.000801,12,97.582981
0.000553,12,97.612119
0.000605,12,97.64203
0.000587,12,97.67082
0.000754,12,97.699734
0.000555,12,97.726786
0.000601,12,97.753572
0.000644,12,97.780509
0.000622,12,97.807081
0.000587,12,97.833562
0.000678,12,97.860852
0.000638,12,97.886976
0.000611,12,97.913356
0.000565,12,97.94181
0.000645,12,97.969176
0.000566,12,97.996743
0.00075,12,98.027007
0.000583,12,98.055361
0.000604,12,98.082523
0.000643,12,98.109208
0.000577,12,98.135628
0.000568,12,98.162012
0.000708,12,98.190196
0.000604,12,98.216964
0.000601,12,98.244301
0.000638,12,98.270791
0.000591,12,98.29662
0.000485,12,98.323514
0.000665,12,98.35127
0.000638,12,98.377788
0.000664,12,98.404686
0.000655,12,98.431609
0.000668,12,98.458676
0.000654,12,98.485252
0.000551,12,98.511663
0.000629,12,98.538327
0.000584,12,98.565196
0.000696,12,98.593607
0.000661,12,98.620772
0.000669,12,98.648083
0.000672,12,98.675621
0.000675,12,98.705293
0.00068,12,98.734721
0.000497,12,98.76128
0.000638,12,98.787904
0.000524,12,98.815034
0.000664,12,98.843017
0.000522,12,98.870612
0.000484,12,98.897237
0.000608,12,98.923872
0.00064,12,98.950505
0.000641,12,98.977387
0.000629,12,99.004188
0.000553,12,99.032052
0.000962,12,104.696662
0.000787,12,104.729743
0.000669,12,104.75779
0.000756,12,104.787876
0.000913,12,104.820887
0.000894,12,104.852041
0.000682,12,104.882152
0.000609,12,104.910167
0.000728,12,104.940328
0.000779,12,104.971849
0.000578,12,105.001133
0.000505,12,105.028229
0.000597,12,105.054775
0.000681,12,105.082152
0.000698,12,105.110509
0.000564,12,105.138111
0.000526,12,105.165386
0.000673,12,105.193121
0.000583,12,105.219438
0.000683,12,105.246848
0.000625,12,105.273367
0.000471,12,105.29942
0.000618,12,105.325581
0.000624,12,105.351982
0.000522,12,105.378194
0.000621,12,105.404373
0.000516,12,105.430623
0.000627,12,105.457001
0.000615,12,105.483243
0.000518,12,105.509034
0.000577,12,105.535477
0.000528,12,105.561612
0.000468,12,105.587534
0.000637,12,105.614344
0.000633,12,105.640905
0.000615,12,105.667281
0.000621,12,105.693384
0.000627,12,105.720101
0.000535,12,105.746336
0.00059,12,105.772694
0.000526,12,105.79879
0.000544,12,105.824627
0.000745,12,105.853176
0.000559,12,105.879776
0.000616,12,105.906712
0.000581,12,105.934175
0.000642,12,105.96148
0.000515,12,105.987669
0.000654,12,106.016447
0.000538,12,106.043291
0.000595,12,106.069711
0.000519,12,106.095818
0.00062,12,106.122357
0.000563,12,106.149692
0.000636,12,106.176095
0.000519,12,106.201869
0.000541,12,106.228012
0.000625,12,106.254356
0.000634,12,106.280584
0.000614,12,106.306669
0.000636,12,106.333811
0.0007,12,106.361318
0.000635,12,106.389092
0.000685,12,106.417067
0.000674,12,106.444525
0.000637,12,106.471244
0.00064,12,106.497673
0.000605,12,106.523975
0.000655,12,106.551112
0.000771,12,106.579315
0.000533,12,106.606384
0.00051,12,106.632825
0.000602,12,106.659339
0.000619,12,106.68576
0.000617,12,106.711862
0.000628,12,106.738005
0.000618,12,106.764425
0.000501,12,106.791051
0.000581,12,106.817611
0.000634,12,106.84444
0.000634,12,106.871154
0.000723,12,106.900532
0.00068,12,106.928413
0.000641,12,106.955433
0.000535,12,106.981799
0.000578,12,112.392978
0.000624,12,112.419268
0.000625,12,112.445285
0.000537,12,112.47131
0.000486,12,112.497304
0.00062,12,112.523703
0.0006,12,112.550015
0.000623,12,112.576185
0.000634,12,112.602327
0.000623,12,112.628632
0.000572,12,112.654583
0.000616,12,112.680809
0.000512,12,112.706977
0.000618,12,112.733184
0.00063,12,112.759598
0.000613,12,112.786681
0.000619,12,112.814709
0.00057,12,112.841934
0.000555,12,112.869244
0.000554,12,112.896279
0.000627,12,112.924107
0.000514,12,112.950991
0.000662,12,112.979004
0.000595,12,113.00614
0.000545,12,113.032727
0.000564,12,113.059752
0.000484,12,113.086181
0.000535,12,113.112308
0.000499,12,113.138231
0.000595,12,113.164532
0.000627,12,113.190539
0.000552,12,113.216856
0.000614,12,113.244091
0.000623,12,113.270472
0.000659,12,113.297919
0.000685,12,113.325814
0.000727,12,113.354278
0.000561,12,113.380627
0.00056,12,113.407039
0.000628,12,113.433342
0.000604,12,113.459581
0.000568,12,113.485994
0.000582,12,113.512222
0.000521,12,113.538102
0.000619,12,113.564248
0.000624,12,113.590756
0.000624,12,113.617169
0.000473,12,113.643026
0.00048,12,113.6688
0.000648,12,113.695492
0.000636,12,113.721897
0.000512,12,113.748189
0.000506,12,113.774414
0.000627,12,113.800986
0.000624,12,113.827301
0.000622,12,113.853664
0.000573,12,113.919206
0.000538,12,113.945675
0.000527,12,113.971882
0.000637,12,113.998575
0.000641,12,114.025547
0.000534,12,114.051665
0.000635,12,114.078088
0.0006,12,114.104364
0.000628,12,114.130719
0.000628,12,114.157216
0.000605,12,114.183355
0.000623,12,114.209252
0.000484,12,114.235098
0.000622,12,114.261561
0.000622,12,114.287968
0.000618,12,114.314062
0.000517,12,114.340119
0.000619,12,114.366626
0.000586,12,114.392887
0.000635,12,114.419076
0.000656,12,114.445976
0.000612,12,114.473211
0.000526,12,114.499116
0.000602,12,114.525921
0.000498,12,114.552034
0.000624,12,114.57813
0.000589,12,114.604448
0.000634,12,114.630651
0.000643,12,114.657232
0.000623,12,114.683483
0.000599,12,120.100363
0.000525,12,120.126546
0.000629,12,120.152765
0.000633,12,120.179059
0.000615,12,120.205538
0.000636,12,120.232076
0.000508,12,120.258109
0.00062,12,120.284207
0.000599,12,120.310454
0.000465,12,120.336616
0.00063,12,120.362748
0.000624,12,120.388937
0.000627,12,120.41521
0.000626,12,120.441474
0.000628,12,120.467719
0.000609,12,120.493869
0.000628,12,120.520381
0.000632,12,120.546592
0.00063,12,120.573002
0.000631,12,120.599029
0.000585,12,120.62518
0.000622,12,120.651073
0.000588,12,120.677132
0.000627,12,120.703271
0.000588,12,120.729466
0.00063,12,120.75532
0.000628,12,120.781424
0.000619,12,120.807625
0.000627,12,120.833682
0.000629,12,120.860112
0.000626,12,120.886241
0.000561,12,120.912345
0.000625,12,120.938722
0.00062,12,120.965173
0.000465,12,120.990888
0.000566,12,121.017275
0.000628,12,121.043936
0.000615,12,121.070402
0.000534,12,121.096464
0.000623,12,121.122525
0.000627,12,121.14881
0.000629,12,121.175282
0.000523,12,121.201538
0.000537,12,121.227745
0.000605,12,121.253726
0.00051,12,121.279899
0.000554,12,121.305847
0.000614,12,121.332182
0.000549,12,121.358192
0.000624,12,121.384467
0.000474,12,121.410369
0.000535,12,121.436245
0.00062,12,121.46222
0.000617,12,121.488788
0.000618,12,121.514762
0.000591,12,121.540986
0.000628,12,121.567484
0.000579,12,121.593779
0.000627,12,121.620319
0.000622,12,121.646625
0.000612,12,121.672857
0.000527,12,121.698908
0.000616,12,121.725342
0.000541,12,121.751674
0.000543,12,121.77784
0.000625,12,121.804043
0.000628,12,121.830242
0.000529,12,121.856611
0.000628,12,121.882981
0.000458,12,121.908921
0.000631,12,121.935397
0.000627,12,121.961814
0.000626,12,121.988158
0.000524,12,122.01464
0.000457,12,122.040695
0.000507,12,122.066808
0.000556,12,122.092916
0.00065,12,122.119187
0.000481,12,122.145305
0.000463,12,122.171186
0.000613,12,122.197179
0.000533,12,122.224166
0.000632,12,122.2504
0.000624,12,122.27665
0.000556,12,122.302724
0.000682,12,127.690406
0.000643,12,127.7173
0.00056,12,127.74339
0.000576,12,127.769425
0.000595,12,127.795443
0.00063,12,127.821529
0.000574,12,127.847418
0.000619,12,127.873581
0.000549,12,127.899813
0.000595,12,127.926004
0.000619,12,127.952339
0.000476,12,127.978165
0.000661,12,128.004834
0.000634,12,128.031415
0.000625,12,128.057526
0.000625,12,128.083598
0.000662,12,128.110021
0.000457,12,128.136043
0.00057,12,128.1622
0.000631,12,128.188634
0.000625,12,128.215164
0.000622,12,128.241473
0.000631,12,128.267907
0.000514,12,128.294084
0.000476,12,128.320236
0.000615,12,128.346576
0.000634,12,128.373168
0.000514,12,128.399334
0.00061,12,128.425804
0.000537,12,128.451903
0.000631,12,128.478228
0.000579,12,128.504178
0.000629,12,128.530341
0.000526,12,128.556615
0.000628,12,128.583066
0.000556,12,128.609233
0.000624,12,128.63568
0.000633,12,128.662104
0.000598,12,128.688461
0.00058,12,128.71467
0.000494,12,128.740519
0.000604,12,128.766951
0.0005,12,128.792995
0.000525,12,128.818806
0.000626,12,128.845329
0.000476,12,128.871463
0.000623,12,128.897865
0.000628,12,128.923943
0.000617,12,128.950079
0.00048,12,128.975977
0.000515,12,129.002093
0.000627,12,129.028798
0.000624,12,129.055138
0.000627,12,129.081528
0.000638,12,129.107807
0.000624,12,129.134024
0.00063,12,129.160405
0.000618,12,129.186835
0.000613,12,129.213016
0.00058,12,129.239274
0.000593,12,129.265652
0.000625,12,129.29213
0.000597,12,129.318357
0.000596,12,129.344568
0.000526,12,129.370787
0.000559,12,129.396782
0.000629,12,129.423083
0.000597,12,129.449447
0.000628,12,129.475601
0.000546,12,129.501481
0.000628,12,129.527848
0.000625,12,129.553968
0.000566,12,129.580243
0.000622,12,129.606452
0.000568,12,129.632764
0.000624,12,129.65917
0.000534,12,129.685135
0.000482,12,129.711037
0.000628,12,129.737254
0.00062,12,129.763615
0.000592,12,129.789872
0.000625,12,129.815695
0.000632,12,129.84213
0.000597,12,129.868318
0.000628,12,129.894129
0.00068,12,135.280063
0.000628,12,135.306393
0.000626,12,135.332598
0.000627,12,135.358609
0.00062,12,135.384733
0.000641,12,135.410766
0.000638,12,135.437166
0.000637,12,135.463757
0.000525,12,135.529014
0.000606,12,135.555588
0.000636,12,135.582149
0.000625,12,135.60842
0.000554,12,135.634589
0.000615,12,135.660928
0.0006,12,135.687298
0.000629,12,135.713614
0.000574,12,135.739794
0.000475,12,135.765681
0.000621,12,135.791694
0.000626,12,135.817929
0.000516,12,135.844145
0.000622,12,135.870616
0.00049,12,135.896515
0.000626,12,135.922865
0.00054,12,135.948928
0.000477,12,135.975061
0.000584,12,136.001269
0.000476,12,136.027599
0.000637,12,136.053948
0.000668,12,136.081179
0.000623,12,136.107503
0.000533,12,136.133606
0.00064,12,136.161403
0.000575,12,136.187935
0.000517,12,136.214892
0.000646,12,136.241491
0.000625,12,136.267521
0.000595,12,136.293891
0.000615,12,136.319939
0.000574,12,136.345944
0.00063,12,136.372111
0.000622,12,136.398243
0.000636,12,136.424226
0.000481,12,136.450287
0.000525,12,136.47655
0.000636,12,136.502502
0.000674,12,136.529788
0.000666,12,136.557198
0.000621,12,136.583351
0.00046,12,136.60933
0.000609,12,136.635479
0.000627,12,136.661887
0.000614,12,136.688368
0.00049,12,136.714524
0.000462,12,136.740723
0.000623,12,136.766704
0.000639,12,136.792876
0.000458,12,136.818647
0.000626,12,136.844929
0.000528,12,136.871181
0.000597,12,136.896793
0.000627,12,136.923056
0.000529,12,136.949095
0.000504,12,136.975061
0.000632,12,137.001761
0.000551,12,137.02804
0.000597,12,137.054044
0.000611,12,137.080542
0.000624,12,137.106765
0.0006,12,137.132959
0.000608,12,137.15909
0.000544,12,137.18588
0.000531,12,137.212256
0.000597,12,137.238249
0.000633,12,137.264521
0.000626,12,137.290879
0.000516,12,137.317996
0.000632,12,137.344326
0.000625,12,137.370857
0.000559,12,137.3973
0.000625,12,137.42317
0.000627,12,137.44942
0.000516,12,137.475326
0.000597,12,137.501218
0.000625,12,137.527665
0.000624,12,137.553958
0.000513,12,142.983159
0.000672,12,143.011137
0.000562,12,143.03813
0.000628,12,143.064718
0.000645,12,143.091349
0.000623,12,143.117953
0.000581,12,143.144168
0.000543,12,143.170384
0.000506,12,143.196317
0.00061,12,143.222758
0.000577,12,143.249307
0.000524,12,143.275185
0.00063,12,143.301445
0.00051,12,143.327744
0.000521,12,143.353826
0.000481,12,143.379777
0.000499,12,143.406305
0.000472,12,143.432438
0.000607,12,143.458982
0.000528,12,143.485029
0.000638,12,143.511476
0.000625,12,143.53784
0.00065,12,143.564199
0.000622,12,143.590519
0.000497,12,143.616814
0.00062,12,143.644118
0.000525,12,143.671179
0.00055,12,143.698552
0.000718,12,143.726591
0.000478,12,143.752922
0.000611,12,143.779361
0.000535,12,143.80572
0.000634,12,143.831963
0.000547,12,143.858092
0.000623,12,143.884578
0.000572,12,143.910997
0.000638,12,143.93749
0.000616,12,143.963572
0.000622,12,143.989993
0.000603,12,144.016461
0.000636,12,144.042821
0.000626,12,144.069335
0.000616,12,144.095714
0.000624,12,144.121975
0.000489,12,144.147802
0.000633,12,144.17439
0.000502,12,144.200693
0.000577,12,144.226808
0.000574,12,144.253004
0.000627,12,144.279253
0.00057,12,144.304967
0.000628,12,144.33126
0.000626,12,144.35769
0.000464,12,144.383659
0.00059,12,144.40962
0.000527,12,144.43574
0.000502,12,144.461909
0.000532,12,144.48783
0.000578,12,144.514214
0.000623,12,144.540337
0.000625,12,144.56638
0.000621,12,144.592523
0.000623,12,144.618806
0.000628,12,144.644896
0.000511,12,144.671013
0.00047,12,144.696776
0.000624,12,144.723003
0.000622,12,144.748997
0.000488,12,144.775167
0.000545,12,144.801396
0.000637,12,144.827713
0.000549,12,144.854035
0.000546,12,144.880373
0.00065,12,144.906979
0.000624,12,144.933056
0.000547,12,144.95949
0.000617,12,144.985763
0.000643,12,145.012453
0.000612,12,145.038541
0.000585,12,145.064792
0.000595,12,145.090993
0.000628,12,145.116853
0.000536,12,145.142891
0.000632,12,145.169424
0.000602,12,145.195517
0.000743,12,150.755177
0.000604,12,150.783208
0.000701,12,150.81132
0.000665,12,150.839349
0.000576,12,150.866873
0.000599,12,150.893647
0.000638,12,150.920821
0.000622,12,150.947322
0.000747,12,150.975905
0.000556,12,151.004188
0.000723,12,151.033588
0.000654,12,151.061212
0.000623,12,151.088633
0.000483,12,151.115396
0.000607,12,151.142969
0.000563,12,151.170073
0.000585,12,151.196424
0.000609,12,151.222836
0.000626,12,151.249114
0.000628,12,151.275642
0.000599,12,151.301784
0.000626,12,151.328163
0.000561,12,151.35452
0.000631,12,151.381141
0.000538,12,151.407295
0.000546,12,151.433606
0.000623,12,151.460048
0.000604,12,151.486197
0.000538,12,151.512396
0.00063,12,151.538981
0.000654,12,151.566351
0.000525,12,151.593415
0.000645,12,151.620356
0.000628,12,151.647022
0.000642,12,151.673743
0.000676,12,151.701314
0.000655,12,151.728479
0.000619,12,151.755935
0.000691,12,151.783465
0.00067,12,151.811278
0.000684,12,151.838588
0.000652,12,151.8662
0.000528,12,151.892629
0.000689,12,151.920554
0.000639,12,151.947049
0.000745,12,152.025807
0.000762,12,152.054228
0.000616,12,152.081836
0.000635,12,152.10831
0.000656,12,152.136072
0.000677,12,152.164246
0.000639,12,152.191575
0.000634,12,152.218244
0.000529,12,152.244713
0.000626,12,152.270945
0.000626,12,152.297023
0.000591,12,152.323094
0.00055,12,152.349665
0.000664,12,152.3767
0.000587,12,152.403259
0.000577,12,152.429752
0.000609,12,152.456241
0.000575,12,152.482383
0.000611,12,152.511448
0.000589,12,152.539786
0.000512,12,152.567253
0.000628,12,152.593975
0.000646,12,152.620414
0.000498,12,152.646301
0.000531,12,152.673056
0.000626,12,152.699692
0.000638,12,152.726404
0.000505,12,152.753304
0.000632,12,152.780185
0.000483,12,152.806262
0.000673,12,152.8335
0.000675,12,152.861678
0.000516,12,152.888283
0.000641,12,152.914905
0.00064,12,152.94139
0.000608,12,152.968089
0.000508,12,152.994538
0.000739,12,153.023865
0.000781,12,153.054729
0.000793,12,153.085156
0.000778,12,158.82781
0.000544,12,158.855545
0.000623,12,158.88185
0.000607,12,158.907814
0.000611,12,158.933854
0.000611,12,158.960013
0.000482,12,158.986182
0.000631,12,159.012834
0.000653,12,159.039774
0.000461,12,159.065491
0.000611,12,159.091523
0.00063,12,159.117564
0.000626,12,159.143947
0.000691,12,159.171607
0.000635,12,159.198381
0.000489,12,159.224406
0.000598,12,159.250963
0.000549,12,159.277411
0.00063,12,159.30357
0.000482,12,159.329776
0.000623,12,159.356662
0.000597,12,159.383
0.000626,12,159.409183
0.000627,12,159.435537
0.000624,12,159.461797
0.000568,12,159.487793
0.000624,12,159.513887
0.000632,12,159.540302
0.000622,12,159.566871
0.000625,12,159.593224
0.000624,12,159.619748
0.000561,12,159.645864
0.000489,12,159.672089
0.000631,12,159.698671
0.000592,12,159.724854
0.000503,12,159.751103
0.000481,12,159.777273
0.00072,12,159.805341
0.000517,12,159.832254
0.000651,12,159.859464
0.000767,12,159.889272
0.00071,12,159.917335
0.000636,12,159.943885
0.000653,12,159.970697
0.000625,12,159.997141
0.000649,12,160.024135
0.000644,12,160.051232
0.000628,12,160.077662
0.000501,12,160.103876
0.000631,12,160.130056
0.00052,12,160.156146
0.000494,12,160.182077
0.000631,12,160.208245
0.000625,12,160.234358
0.000569,12,160.260325
0.000611,12,160.286598
0.00061,12,160.312757
0.000591,12,160.339019
0.00062,12,160.364883
0.000567,12,160.390592
0.000644,12,160.416756
0.000624,12,160.44298
0.000519,12,160.469137
0.000578,12,160.496205
0.000478,12,160.522746
0.000648,12,160.549798
0.000634,12,160.576066
0.000627,12,160.602587
0.000596,12,160.628757
0.000623,12,160.655126
0.00061,12,160.681302
0.000624,12,160.707336
0.000517,12,160.733376
0.000516,12,160.759171
0.000514,12,160.78534
0.000582,12,160.811476
0.000511,12,160.837544
0.000514,12,160.863447
0.000519,12,160.889684
0.000508,12,160.915707
0.000615,12,160.94197
0.000623,12,160.968107
0.000604,12,160.994323
0.000515,12,161.021097
0.000615,12,161.047753
0.00064,12,161.074582
0.000705,12,166.805119
0.000629,12,166.833078
0.000531,12,166.859422
0.000458,12,166.885308
0.000556,12,166.911346
0.000624,12,166.937493
0.000497,12,166.963485
0.000624,12,166.989627
0.000627,12,167.016368
0.000625,12,167.042897
0.000591,12,167.068976
0.000571,12,167.094818
0.000626,12,167.121002
0.00062,12,167.147408
0.000622,12,167.173928
0.00063,12,167.199654
0.00054,12,167.225961
0.000505,12,167.251751
0.000621,12,167.277538
0.000556,12,167.303671
0.000623,12,167.330004
0.000648,12,167.357363
0.000629,12,167.383803
0.000641,12,167.410657
0.000618,12,167.437013
0.000499,12,167.463164
0.00062,12,167.489597
0.000578,12,167.516955
0.000637,12,167.543978
0.000643,12,167.570291
0.000542,12,167.596402
0.000628,12,167.62298
0.000619,12,167.649255
0.000635,12,167.675614
0.00067,12,167.702769
0.000698,12,167.730489
0.000526,12,167.756992
0.000596,12,167.783257
0.000583,12,167.809622
0.000624,12,167.835961
0.000597,12,167.862034
0.000602,12,167.888443
0.000595,12,167.914364
0.000456,12,167.93998
0.000607,12,167.965899
0.000625,12,167.992145
0.000476,12,168.018727
0.000553,12,168.045002
0.000633,12,168.071455
0.000563,12,168.097505
0.000627,12,168.123616
0.000627,12,168.14989
0.000457,12,168.175546
0.000544,12,168.201869
0.000629,12,168.228326
0.000622,12,168.254531
0.000622,12,168.280579
0.00056,12,168.306618
0.000624,12,168.332621
0.00053,12,168.358862
0.000623,12,168.385326
0.000496,12,168.411518
0.000483,12,168.437666
0.00058,12,168.463855
0.000596,12,168.490202
0.000621,12,168.5165
0.00054,12,168.542879
0.000588,12,168.569404
0.000647,12,168.595859
0.000627,12,168.62227
0.000615,12,168.6489
0.000642,12,168.675748
0.000567,12,168.702346
0.000495,12,168.72821
0.000524,12,168.75428
0.00047,12,168.780655
0.000512,12,168.80672
0.00047,12,168.83269
0.000578,12,168.859037
0.000627,12,168.88521
0.000629,12,168.91159
0.000623,12,168.937865
0.000626,12,168.964223
0.000646,12,169.030358
0.000582,12,169.056918
0.00068,12,174.459812
0.00048,12,174.485951
0.0005,12,174.511966
0.000522,12,174.538067
0.000525,12,174.563919
0.000622,12,174.590198
0.000584,12,174.616583
0.000631,12,174.642854
0.00063,12,174.669144
0.000621,12,174.695496
0.000616,12,174.721639
0.000621,12,174.74753
0.000616,12,174.77364
0.000628,12,174.800074
0.000621,12,174.826329
0.000586,12,174.852534
0.000629,12,174.878861
0.000621,12,174.904992
0.000621,12,174.931214
0.000617,12,174.957138
0.000531,12,174.983145
0.000637,12,175.01
0.000589,12,175.038612
0.000558,12,175.064996
0.000519,12,175.091102
0.000494,12,175.117228
0.00062,12,175.143691
0.000587,12,175.170092
0.000628,12,175.196415
0.000572,12,175.222489
0.000633,12,175.248777
0.000628,12,175.274928
0.000484,12,175.300931
0.000695,12,175.328725
0.000516,12,175.354609
0.000632,12,175.380922
0.000632,12,175.407167
0.000622,12,175.433506
0.000517,12,175.459614
0.000624,12,175.486001
0.000624,12,175.512098
0.000629,12,175.538474
0.000623,12,175.565034
0.000617,12,175.591159
0.000623,12,175.617217
0.000629,12,175.64356
0.000623,12,175.669789
0.000622,12,175.695679
0.000569,12,175.721507
0.000674,12,175.747967
0.000537,12,175.774384
0.000523,12,175.800256
0.00047,12,175.826043
0.000524,12,175.851979
0.000624,12,175.878459
0.000588,12,175.904925
0.000489,12,175.931182
0.000477,12,175.957035
0.000616,12,175.983019
0.000546,12,176.009426
0.000584,12,176.035855
0.000521,12,176.061917
0.000571,12,176.087805
0.000518,12,176.114155
0.000473,12,176.139885
0.000609,12,176.166041
0.000586,12,176.192153
0.000616,12,176.218612
0.000621,12,176.245069
0.000616,12,176.271097
0.000594,12,176.297017
0.000615,12,176.323263
0.000495,12,176.349132
0.000593,12,176.375297
0.000612,12,176.401379
0.000625,12,176.427589
0.000622,12,176.453756
0.000581,12,176.479622
0.000621,12,176.505775
0.000628,12,176.53164
0.000468,12,176.557504
0.000612,12,176.583466
0.000627,12,176.609546
0.000494,12,176.635655
0.000565,12,176.661636
0.000693,12,182.072113
0.000561,12,182.098342
0.000625,12,182.124732
0.000631,12,182.150901
0.00062,12,182.177333
0.00059,12,182.203764
0.000624,12,182.230129
0.00062,12,182.256386
0.000618,12,182.282316
0.00063,12,182.308482
0.000624,12,182.334747
0.000556,12,182.361091
0.000647,12,182.387585
0.000633,12,182.413878
0.000604,12,182.440256
0.000584,12,182.466496
0.000599,12,182.492062
0.000499,12,182.517836
0.000617,12,182.544171
0.000538,12,182.570143
0.000633,12,182.596291
0.000626,12,182.622474
0.000637,12,182.648723
0.000614,12,182.675097
0.000626,12,182.701399
0.000635,12,182.727967
0.000625,12,182.754415
0.000563,12,182.780373
0.000634,12,182.806415
0.000633,12,182.832813
0.000613,12,182.858789
0.000465,12,182.884921
0.000614,12,182.911288
0.000522,12,182.937433
0.000524,12,182.963505
0.00058,12,182.989725
0.00058,12,183.016037
0.000543,12,183.042158
0.000529,12,183.068169
0.000628,12,183.094625
0.000625,12,183.120836
0.000615,12,183.14727
0.000575,12,183.173397
0.000626,12,183.199831
0.000541,12,183.22585
0.000633,12,183.251884
0.000611,12,183.278253
0.000532,12,183.304425
0.000495,12,183.330651
0.000514,12,183.356897
0.000487,12,183.383117
0.000622,12,183.409394
0.00062,12,183.435691
0.000625,12,183.462029
0.000619,12,183.488128
0.00063,12,183.514148
0.000629,12,183.540273
0.000586,12,183.566473
0.000621,12,183.592584
0.000542,12,183.618677
0.00058,12,183.644703
0.000601,12,183.671023
0.000618,12,183.697495
0.000625,12,183.723835
0.000623,12,183.749798
0.000622,12,183.776089
0.000476,12,183.802099
0.000523,12,183.828118
0.000635,12,183.854354
0.000519,12,183.88026
0.000623,12,183.906677
0.000619,12,183.933149
0.000625,12,183.959038
0.000534,12,183.985241
0.000623,12,184.011856
0.000625,12,184.038548
0.000628,12,184.064845
0.000559,12,184.091197
0.000589,12,184.117563
0.000651,12,184.147229
0.000522,12,184.173514
0.000628,12,184.200086
0.00057,12,184.226298
0.000613,12,184.252404
0.000483,12,184.278361
0.000637,12,184.304779
0.000644,12,189.688736
0.000547,12,189.714961
0.000609,12,189.740853
0.00062,12,189.766858
0.000626,12,189.792978
0.000539,12,189.819023
0.000509,12,189.845139
0.000578,12,189.871537
0.000628,12,189.897773
0.000496,12,189.923895
0.000482,12,189.949723
0.000455,12,189.975295
0.000561,12,190.001647
0.000576,12,190.028121
0.000597,12,190.054452
0.000468,12,190.080454
0.000624,12,190.106493
0.000548,12,190.132576
0.000615,12,190.158992
0.000551,12,190.185346
0.000616,12,190.211665
0.000635,12,190.237864
0.000621,12,190.264158
0.000535,12,190.290224
0.000488,12,190.316107
0.000481,12,190.341981
0.00048,12,190.367876
0.000643,12,190.394257
0.000626,12,190.420196
0.000526,12,190.445866
0.000547,12,190.472081
0.000561,12,190.498085
0.000596,12,190.524307
0.00063,12,190.550857
0.000635,12,190.577092
0.000645,12,190.650752
0.000561,12,190.677112
0.000596,12,190.7037
0.000632,12,190.730139
0.00062,12,190.756595
0.000628,12,190.782854
0.000597,12,190.809323
0.000544,12,190.835532
0.000635,12,190.862214
0.000591,12,190.887998
0.000521,12,190.914246
0.000573,12,190.940184
0.000641,12,190.96647
0.000509,12,190.992864
0.000525,12,191.019304
0.000623,12,191.045717
0.000671,12,191.072933
0.000548,12,191.099229
0.000576,12,191.125612
0.000643,12,191.153181
0.000592,12,191.181277
0.000625,12,191.207525
0.000487,12,191.233425
0.000555,12,191.259724
0.000489,12,191.285974
0.000609,12,191.312414
0.000478,12,191.33816
0.000623,12,191.364644
0.000603,12,191.390694
0.000629,12,191.416985
0.00048,12,191.443125
0.000622,12,191.469107
0.000533,12,191.494849
0.00062,12,191.521241
0.00062,12,191.547762
0.000615,12,191.574132
0.000593,12,191.600532
0.000621,12,191.626893
0.000655,12,191.654104
0.000616,12,191.680979
0.000474,12,191.706679
0.000663,12,191.733969
0.000604,12,191.760351
0.000524,12,191.786533
0.000596,12,191.813014
0.000628,12,191.839446
0.000627,12,191.865734
0.000626,12,191.892024
0.000619,12,191.91816
0.00051,12,191.944142
